Date,spy,baseline,optimized,spy_vami,baseline_vami,optimized_vami
11/1/18,0.010641836,2.36555E-05,-0.011952388,1000,1000,1000
11/2/18,-0.005923001,-0.000786749,-0.010091941,994.076999,999.2132513,989.9080595
11/5/18,0.005516937,0.000878703,0.009296638,999.5612592,1000.091263,999.1108763
11/6/18,0.006327956,0.000351333,-0.001790313,1005.886439,1000.442628,997.3221553
11/7/18,0.02140884,0.011089178,-0.00388376,1027.421301,1011.536714,993.4487956
11/8/18,-0.001814882,0.002876244,-0.0030346,1025.556652,1014.446141,990.4340761
11/9/18,-0.009768271,0.001348838,-0.002978413,1015.538737,1015.814464,987.4841545
11/12/18,-0.018685196,-0.001334499,-0.003459892,996.563197,1014.45886,984.0675656
11/13/18,-0.001871079,-0.003051529,0.017733932,994.6985485,1011.363209,1001.518953
11/14/18,-0.006836727,-0.000605852,-0.002300512,987.8980659,1010.750473,999.2149466
11/15/18,0.010436714,0.023485123,0.010730895,998.208475,1034.488072,1009.937417
11/16/18,0.002600542,-0.006446227,0.006415022,1000.804358,1027.819528,1016.416188
11/19/18,-0.016914478,-0.017893297,0.003617315,983.8762751,1009.428448,1020.092885
11/20/18,-0.018506132,-0.009897066,0.003209637,965.6685313,999.4380678,1023.367013
11/21/18,0.003407542,0.000200328,-0.02106471,968.9590874,999.6382834,1001.810084
11/22/18,0,1.65489E-06,0.009279416,968.9590874,999.6399377,1011.106297
11/23/18,-0.006678741,-0.010950375,0.007139044,962.4876604,988.6935051,1018.324629
11/26/18,0.016144349,0.047939994,0.000131195,978.0263976,1036.091466,1018.458229
11/27/18,0.003364486,0.003727724,0.000151789,981.3169537,1039.953728,1018.612819
11/28/18,0.023025335,0.004281322,-0.004286068,1003.912106,1044.406105,1014.246976
11/29/18,-0.002185156,-0.001531947,0.003663615,1001.718402,1042.80613,1017.962786
11/30/18,0.006095335,0.002358673,0.004379505,1007.824211,1045.265769,1022.420959
12/3/18,0.013241429,0.004242454,0.002010704,1021.169244,1049.700261,1024.476745
12/4/18,-0.032402435,-0.004658232,0.022221162,988.0808746,1044.810514,1047.241809
12/5/18,0,3.64701E-05,-0.010091941,988.0808746,1044.848618,1036.673107
12/6/18,-0.001517114,0.001938338,-0.005531229,986.5818435,1046.873888,1030.939031
12/7/18,-0.023235992,-0.00096985,-0.003693106,963.6576359,1045.858577,1027.131664
12/10/18,0.001897029,0.00098159,-0.000212066,965.4857227,1046.885181,1026.913845
12/11/18,0.000227212,-0.000152796,0.019577825,965.7050931,1046.725222,1047.018584
12/12/18,0.005035399,0.000190249,0.013886765,970.5678038,1046.92436,1061.558285
12/13/18,-0.000339034,0.000494153,0.000295911,970.2387481,1047.441701,1061.872412
12/14/18,-0.018464785,-0.000537386,-0.007318832,952.3234982,1046.87882,1054.100746
12/17/18,-0.019618382,-0.001000492,-0.004562707,933.6404519,1045.831426,1049.291192
12/18/18,-0.001096491,0.00591979,-0.000460977,932.6167233,1052.022527,1048.807493
12/19/18,-0.014975694,-0.0152195,0.002766478,918.6501408,1036.01127,1051.708996
12/20/18,-0.016277959,-0.005804295,-0.002595697,903.6963914,1029.997956,1048.979078
12/21/18,-0.020368859,-0.011326875,0.003573224,885.2891265,1018.331298,1052.727316
12/24/18,-0.026422933,-0.004024208,0.013942651,861.8971912,1014.233321,1067.405126
12/25/18,0,2.33014E-06,-0.001410112,861.8971912,1014.235684,1065.899965
12/26/18,0.050524878,0.013850732,0.001676442,905.4444419,1028.283591,1067.686884
12/27/18,0.007677309,-0.006151377,0.004302317,912.395819,1021.95823,1072.280412
12/28/18,-0.001289958,-0.004731941,0.008453878,911.2188662,1017.122385,1081.34534
12/31/18,0.008758829,0.001418166,0.015399402,919.2000769,1018.564833,1097.997411
1/2/19,0.001040333,0.007139044,9.37E-07,920.156351,1025.836413,1097.99844
1/3/19,-0.023862819,-0.004629736,-0.013310688,898.1988267,1021.087061,1083.383325
1/4/19,0.033495762,0.008236019,0.010756903,928.2846807,1029.496754,1095.037174
1/7/19,0.007884623,0.016640257,-0.012788195,935.6038555,1046.627845,1081.033625
1/8/19,0.009395393,0.000304071,-0.006801714,944.3942211,1046.946094,1073.680743
1/9/19,0.004673443,-0.000431501,-0.002149086,948.8077938,1046.494336,1071.373311
1/10/19,0.003527542,-0.000919995,0.001222761,952.1547531,1045.531567,1072.683344
1/11/19,0.000386279,0.000156215,0.011053115,952.5225509,1045.694895,1084.539836
1/14/19,-0.006100857,0.002075642,0.002189007,946.7113468,1047.865383,1086.913901
1/15/19,0.011460761,-0.000807542,0.022968571,957.5613797,1047.019188,1111.87876
1/16/19,0.002419819,-0.001309381,0.000724241,959.8785054,1045.648241,1112.684028
1/17/19,0.007586788,-0.000313154,0.018603361,967.1609004,1045.320792,1133.383691
1/18/19,0.013310009,0.00226887,0.018603361,980.0338208,1047.692489,1154.468437
1/21/19,0,-9.91423E-05,-5.12E-06,980.0338208,1047.588618,1154.46253
1/22/19,-0.013510471,-0.003411879,-0.003263557,966.7931026,1044.014372,1150.694876
1/23/19,0.002092369,-0.000858605,0.022221162,968.8159901,1043.117977,1176.264654
1/24/19,0.000531491,0.002317101,-0.006210097,969.3309069,1045.534987,1168.959936
1/25/19,0.008461393,0.00216952,2.64E-05,977.5327962,1047.803295,1168.990739
1/28/19,-0.007600271,-0.003405102,0.009296638,970.1032822,1044.235419,1179.858423
1/29/19,-0.001326964,-6.22589E-05,-0.004138597,968.8159901,1044.170406,1174.975465
1/30/19,0.015830834,0.003689311,-0.00375567,984.1531553,1048.022675,1170.562645
1/31/19,0.00878242,0.006637601,-0.012788195,992.7964019,1054.979032,1155.593262
2/1/19,0.000481606,-0.001318289,-0.010098446,993.2745389,1053.588264,1143.923566
2/4/19,0.007035474,0.003588837,0.002741568,1000.262696,1057.369421,1147.059711
2/5/19,0.004191793,0.003191599,0.003723684,1004.45559,1060.744119,1151.330998
2/6/19,-0.001318198,-0.0019947,-0.007641628,1003.131518,1058.628253,1142.532954
2/7/19,-0.009532888,-0.009326643,0.017777934,993.5687771,1048.754805,1162.84483
2/8/19,0.001221589,0.007054987,0.01094929,994.7825096,1056.153757,1175.577155
2/11/19,0.00055459,0.002013721,0.005903382,995.3342062,1058.280556,1182.517037
2/12/19,0.01285936,0.003460122,0.004732446,1008.133567,1061.942336,1188.113235
2/13/19,0.00324699,-0.003693106,0.002674815,1011.406967,1058.020471,1191.291219
2/14/19,-0.002218262,0.002334898,-0.002377619,1009.163401,1060.49084,1188.458782
2/15/19,0.010897296,0.001981892,-0.007634139,1020.160553,1062.592619,1179.385922
2/18/19,0,-2.70467E-06,0.003296436,1020.160553,1062.589745,1183.273693
2/19/19,0.00173054,0.005673415,-0.003848266,1021.925982,1068.618257,1178.720141
2/20/19,0.002015476,0.003066925,-0.001108453,1023.985649,1071.895629,1177.413585
2/21/19,-0.003555907,0.000953414,-0.009852756,1020.344452,1072.91759,1165.812817
2/22/19,0.006199986,0.011227235,-0.000433049,1026.670572,1084.963488,1165.307963
2/25/19,0.001361324,0.007500126,0.004633622,1028.068204,1093.10085,1170.70756
2/26/19,-0.000715512,-0.011536524,0.01094929,1027.332608,1080.490266,1183.525976
2/27/19,-0.000429615,0.000269161,0.008069842,1026.891251,1080.781093,1193.076844
2/28/19,-0.001862464,-0.006966197,0.003169502,1024.978703,1073.252159,1196.858304
3/1/19,0.00624372,0.006614259,0.001941691,1031.378383,1080.350927,1199.182233
3/4/19,-0.003637401,-0.010815595,-0.000807542,1027.626847,1068.666289,1198.213843
3/5/19,-0.001360057,0.006415022,0.003092293,1026.229215,1075.521807,1201.919072
3/6/19,-0.006056913,-0.009117479,-0.002431432,1020.013434,1065.71576,1198.996687
3/7/19,-0.008365485,-0.002594477,0,1011.480526,1062.950786,1198.996687
3/8/19,-0.001999927,0.001211772,1.16E-06,1009.457639,1064.23884,1198.998076
3/11/19,0.014501202,0.018627245,-0.000433049,1024.095988,1084.062677,1198.478851
3/12/19,0.00377101,0.006819373,-0.000378348,1027.957864,1091.455304,1198.025409
3/13/19,0.006619199,0.004808521,-0.004032267,1034.762122,1096.703591,1193.194651
3/14/19,-0.000639795,0.017777934,0.011633116,1034.100087,1116.200715,1207.075223
3/15/19,0.004919331,0.003102998,0.000778189,1039.187167,1119.664284,1208.014555
3/18/19,0.003625893,0.006667754,0.014413197,1042.955148,1127.12993,1225.425906
3/19/19,0.000247937,-0.000433049,0.005042559,1043.213735,1126.641828,1231.605189
3/20/19,-0.003009915,0.000639351,0.007054987,1040.073751,1127.362147,1240.294148
3/21/19,0.011294619,0.022221162,0.00570598,1051.820987,1152.413444,1247.371241
3/22/19,-0.019246304,-0.037209646,0.000202812,1031.577321,1109.532549,1247.624223
3/25/19,-0.000752014,-0.003459892,-0.002201105,1030.801561,1105.693685,1244.878072
3/26/19,0.007454128,0.003723684,0.007594089,1038.485288,1109.810939,1254.331787
3/27/19,-0.005229084,-0.01278746,-0.001265119,1033.054961,1095.619276,1252.744908
3/28/19,0.003790452,0.004463217,0.007139044,1036.970707,1100.509262,1261.688309
3/29/19,0.00630544,0.016533681,0.005566763,1043.509263,1118.704732,1268.711829
4/1/19,0.011859247,0.002722713,-0.001790313,1055.884497,1121.750644,1266.440438
4/2/19,0.000489802,0.000750731,-0.002996354,1056.401671,1122.592777,1262.645734
4/3/19,0.001573592,0.006545159,0.007174209,1058.064016,1129.940324,1271.704219
4/4/19,0.002653446,-0.009516507,-0.002595697,1060.871532,1119.187239,1268.403259
4/5/19,0.00484017,0.003680669,-4.00E-06,1066.00633,1123.306597,1268.398185
4/8/19,0.00076238,-0.001729394,-0.000592105,1066.819032,1121.363958,1267.64716
4/9/19,-0.005124831,-0.002579317,0.003836098,1061.351765,1118.471604,1272.509979
4/10/19,0.00341095,0.009246922,0.004075403,1064.971982,1128.814024,1277.695969
4/11/19,-0.000277498,-0.000466564,0.002514772,1064.676454,1128.287359,1280.909083
4/12/19,0.0067659,0.015619581,0.003102998,1071.879948,1145.910735,1284.883741
4/15/19,-0.000654811,-0.006801714,0.005789394,1071.17807,1138.116578,1292.32244
4/16/19,0.00065524,-0.005727973,-0.002482749,1071.879948,1131.597476,1289.113927
4/17/19,-0.002446926,-0.01425929,0.006819373,1069.257138,1115.461699,1297.904875
4/18/19,0.001969252,-0.012280759,0.000836561,1071.362775,1101.762983,1298.990652
4/19/19,0,-2.21455E-06,0.000991924,1071.362775,1101.760543,1300.279152
4/22/19,0.00086201,0.001941691,0.01320102,1072.286299,1103.899822,1317.444163
4/23/19,0.008991628,0.016435013,-0.026086074,1081.927899,1122.042431,1283.077217
4/24/19,-0.002219339,0.00213212,-0.002662638,1079.526735,1124.434759,1279.660847
4/25/19,-0.000615953,-0.011582355,0.021819403,1078.861797,1111.411157,1307.582283
4/26/19,0.004656737,0.010275942,0.000156215,1083.885772,1122.831954,1307.786547
4/29/19,0.001567772,0.002194834,-0.001309381,1085.585058,1125.296383,1306.074156
4/30/19,0.00051043,-0.001737732,0.003296436,1086.139173,1123.34092,1310.379546
5/1/19,-0.007516495,-0.014325884,-0.008850078,1077.975213,1107.248069,1298.782584
5/2/19,-0.002158939,0.000202812,0.00041485,1075.64793,1107.472632,1299.321385
5/3/19,0.00978776,0.01024898,0.002353058,1086.176114,1118.823097,1302.378764
5/6/19,-0.004115226,0.000331114,0.003908135,1081.706253,1119.193555,1307.468636
5/7/19,-0.016699679,-0.020121089,-0.018135795,1063.642106,1096.674162,1283.756653
5/8/19,-0.001389227,0.000435523,0.00368621,1062.164466,1097.15179,1288.488849
5/9/19,-0.003025771,-0.003961489,0.003537955,1058.9506,1092.805435,1293.047465
5/10/19,0.005023373,-0.000599516,0.008453878,1064.270103,1092.150281,1303.97873
5/13/19,-0.025130163,-0.035620288,0.011053115,1037.524822,1053.247573,1318.391756
5/14/19,0.009043652,0.022045968,0.005359014,1046.907835,1076.467435,1325.457036
5/15/19,0.005857445,0.015399402,-0.02106471,1053.04004,1093.04439,1297.536668
5/16/19,0.009261208,0.020364013,0.005042363,1062.792463,1115.303159,1304.079318
5/17/19,-0.006465068,-0.016430126,0.014239559,1055.921438,1096.978588,1322.648832
5/20/19,-0.006612091,-0.013539237,0.005789394,1048.93959,1082.126336,1330.306167
5/21/19,0.009015672,0.014424148,-0.003000443,1058.396485,1097.735086,1326.314659
5/22/19,-0.003071446,-0.003355805,0.001981892,1055.145677,1094.051301,1328.943272
5/23/19,-0.012218604,-0.009539738,-0.010905856,1042.253269,1083.614338,1314.450008
5/24/19,0.002268377,0.000557815,0.003296436,1044.617493,1084.218795,1318.783009
5/27/19,0,-6.4297E-07,-0.000431501,1044.617493,1084.218098,1318.213953
5/28/19,-0.009300516,-0.004005982,0.001730307,1034.902011,1079.87474,1320.494868
5/29/19,-0.006710691,-0.012101193,-0.000136532,1027.957104,1066.806967,1320.314579
5/30/19,0.00273116,0.011388733,0.003460122,1030.76462,1078.956546,1324.883029
5/31/19,-0.013475254,-0.007641628,0.001922116,1016.874805,1070.711561,1327.429608
6/3/19,-0.002542958,-0.024465238,-0.005998169,1014.288935,1044.516348,1319.467461
6/4/19,0.021706669,0.017733932,0.008236019,1036.305769,1063.03973,1330.33462
6/5/19,0.008662175,0.036065593,-0.002802669,1045.282431,1101.378888,1326.606132
6/6/19,0.006502686,0.007376654,-0.001318289,1052.079574,1109.503379,1324.857281
6/7/19,0.010007022,0.036757225,-0.002320846,1062.607758,1150.285644,1321.782492
6/10/19,0.00458891,0.01267463,0.001222761,1067.48397,1164.865089,1323.398716
6/11/19,-0.00024224,0.002189007,0.001222761,1067.225383,1167.414987,1325.016916
6/12/19,-0.001765317,-0.001292514,-0.002205329,1065.341392,1165.906086,1322.094818
6/13/19,0.004126357,-0.004510506,-0.014115594,1069.737371,1160.64726,1303.432664
6/14/19,-0.001105049,0.000968089,-0.002201105,1068.555259,1161.77087,1300.563673
6/17/19,0.000380281,-0.002967015,0.007409064,1068.96161,1158.323878,1310.199632
6/18/19,0.010471023,-0.002996354,0.006951922,1080.154732,1154.85313,1319.308038
6/19/19,0.002257182,0.008876307,-0.024747763,1082.592837,1165.10396,1286.658115
6/20/19,0.009554357,-0.001007577,0.003460843,1092.936316,1163.930028,1291.111037
6/21/19,-0.001447847,-0.011952388,0.000274938,1091.353912,1150.018285,1291.466012
6/24/19,-0.00122449,-0.009111933,-0.00375567,1090.01756,1139.539396,1286.615693
6/25/19,-0.009807928,-0.014176017,0.004012477,1079.326746,1123.385265,1291.778209
6/26/19,-0.000997386,0.003092293,0,1078.250241,1126.859102,1291.778209
6/27/19,0.003545977,0.003209637,-0.001790313,1082.073691,1130.475911,1289.465522
6/28/19,0.005145798,0.002919317,-0.004581754,1087.641824,1133.776128,1283.557508
7/1/19,0.009078498,0.003363485,0.005338581,1097.515978,1137.589567,1290.409883
7/2/19,0.002604343,0.002273422,-0.009326643,1100.374286,1140.175789,1278.37469
7/3/19,0.007995142,0.003205498,0.00420138,1109.171935,1143.830621,1283.745628
7/4/19,0,1.15797E-06,0.002215479,1109.171935,1143.831945,1286.589739
7/5/19,-0.001137885,0.000508687,-0.001007577,1107.909825,1144.413797,1285.2934
7/8/19,-0.005494874,-0.000149041,-0.012788195,1101.822,1144.243232,1268.856817
7/9/19,0.001246547,0.004324944,0.01755468,1103.195473,1149.19202,1291.131193
7/10/19,0.004778088,-0.001912913,-0.011582355,1108.466638,1146.993715,1276.176854
7/11/19,0.002344195,0.005645532,0.010644432,1111.0651,1153.469106,1289.761032
7/12/19,0.004476964,-0.007259294,-0.030837293,1116.039298,1145.095734,1249.988293
7/15/19,0.000332613,-9.85891E-05,9.37E-07,1116.410507,1144.98284,1249.989464
7/16/19,-0.003458022,-0.007720809,0.003288018,1112.549935,1136.142646,1254.099451
7/17/19,-0.006573021,-0.003602899,-0.005270894,1105.237121,1132.049239,1247.489226
7/18/19,0.003660912,0.003558031,0.0105759,1109.283298,1136.077105,1260.682548
7/19/19,-0.005554998,-0.004138563,-0.009499112,1103.121231,1131.375378,1248.707183
7/22/19,0.002456506,0.010644432,0.000101126,1105.831056,1143.418226,1248.833459
7/23/19,0.00715005,-0.001028805,-0.006974612,1113.737803,1142.241871,1240.12333
7/24/19,0.00469953,0.010756903,-0.029193575,1118.971848,1154.528856,1203.919697
7/25/19,-0.00477707,0.014803036,0.003588837,1113.626441,1171.619389,1208.240368
7/26/19,0.0067,0.010818578,0.007409064,1121.087738,1184.294644,1217.192298
7/29/19,-0.001821132,-0.023631704,0.018530946,1119.046089,1156.307743,1239.748023
7/30/19,-0.00245472,-0.004286068,-0.002967015,1116.299144,1151.35173,1236.069672
7/31/19,-0.01094041,-0.000853528,0.002029008,1104.086374,1150.369019,1238.577668
8/1/19,-0.008707931,0.011053115,0.011227235,1094.472066,1163.08418,1252.48347
8/2/19,-0.007529508,-0.011629806,0.006951922,1086.23123,1149.557736,1261.190638
8/5/19,-0.030073132,-0.015121677,0.007376654,1053.564855,1132.174495,1270.494004
8/6/19,0.014022972,0.002868941,0.012247931,1068.338965,1135.422637,1286.054927
8/7/19,0.000590688,-0.004852045,0.011820802,1068.97002,1129.913516,1301.257128
8/8/19,0.019620099,0.005042363,0.01094929,1089.943318,1135.61095,1315.504969
8/9/19,-0.006811525,0.008746796,-0.015442764,1082.519142,1145.543907,1295.189937
8/12/19,-0.012173376,-0.003745247,-0.023631704,1069.341229,1141.253562,1264.582392
8/13/19,0.015551776,0.005139399,-0.004510506,1085.971384,1147.118919,1258.878485
8/14/19,-0.029567595,-0.009471625,-0.000433049,1053.861822,1136.253839,1258.333329
8/15/19,0.002641775,0.002766478,0.002972422,1056.645888,1139.397261,1262.073627
8/16/19,0.014754962,0.007852073,2.64E-05,1072.236658,1148.343892,1262.106884
8/19/19,0.012047776,0.001854894,-0.00101213,1085.154725,1150.473948,1260.829468
8/20/19,-0.007662573,0.002902011,-0.008585338,1076.839647,1153.812635,1250.004821
8/21/19,0.008135406,0.004732446,-0.002662638,1085.600175,1159.272991,1246.676511
8/22/19,-0.000307745,-0.00637198,0.004584852,1085.266087,1151.886127,1252.392338
8/23/19,-0.025687509,-0.015738667,-0.005531229,1057.388305,1133.756975,1245.465069
8/26/19,0.011058452,0.008637013,0.005468897,1069.081383,1143.549248,1252.27639
8/27/19,-0.003923611,-0.000183068,-6.23E-05,1064.886723,1143.339902,1252.198424
8/28/19,0.007041517,-0.004727147,-0.014115594,1072.385141,1137.935166,1234.5229
8/29/19,0.012773028,0.00570598,-0.002599265,1086.082747,1144.428201,1231.314048
8/30/19,-0.000444323,-0.005652593,0.020982263,1085.600175,1137.959214,1257.149804
9/2/19,0,-0.000002236,-0.000874351,1085.600175,1137.95667,1256.050614
9/3/19,-0.005847153,-0.010091941,0.000508687,1079.252505,1126.472479,1256.68955
9/4/19,0.011350347,0.008993814,0,1091.502395,1136.603762,1256.68955
9/5/19,0.012855394,-0.005892195,-0.002825165,1105.534089,1129.906671,1253.139194
9/6/19,0.000772279,-0.006634473,0.007718887,1106.387869,1122.410336,1262.812034
9/9/19,0.000503271,-0.010940308,-0.0022768,1106.944682,1110.130821,1259.936864
9/10/19,-0.000234742,-0.008985601,-0.0022768,1106.684836,1100.155629,1257.068239
9/11/19,0.007110992,0.012776783,0.004913132,1114.554463,1114.212079,1263.244381
9/12/19,0.00346378,-0.004138597,-0.002201105,1118.415034,1109.600805,1260.463848
9/13/19,-0.000663812,-0.0022768,-0.002564444,1117.672617,1107.074465,1257.231459
9/16/19,-0.003088777,0.000131195,-0.002320846,1114.220375,1107.219709,1254.313619
9/17/19,0.002531983,0.00250917,0.006036337,1117.041562,1109.997911,1261.885079
9/18/19,0.000598166,-0.002825165,-0.012486428,1117.709738,1106.861984,1246.128641
9/19/19,-6.64231E-05,-0.002776238,-0.011919127,1117.635496,1103.789072,1231.275875
9/20/19,-0.004704334,-0.002149086,0.003836098,1112.377765,1101.416934,1235.99917
9/23/19,-0.000234679,-0.002360621,-0.000431501,1112.116713,1098.816906,1235.465835
9/24/19,-0.007846819,-0.018660863,-0.025027984,1103.390134,1078.312034,1204.544616
9/25/19,0.00591476,0.018603361,-0.000212066,1109.916422,1098.372263,1204.289173
9/26/19,-0.002083193,-0.019021138,0.002243377,1107.604251,1077.479972,1206.990849
9/27/19,-0.005387205,-0.018786024,-0.006966197,1101.63736,1057.238408,1198.582713
9/30/19,0.004637779,0.000942597,0.010730895,1106.746511,1058.234957,1211.444578
10/1/19,-0.011894733,-0.009910519,-0.004433216,1093.582056,1047.747299,1206.073983
10/2/19,-0.017664712,-0.020435562,0.00821182,1074.264245,1026.335994,1215.978045
10/3/19,0.008192738,0.021543291,0.008589858,1083.06541,1048.446649,1226.423123
10/4/19,0.013532126,0.001928691,0.017766913,1097.721587,1050.468779,1248.212876
10/7/19,-0.004314591,-0.006210097,0.005338581,1092.985367,1043.945266,1254.876561
10/8/19,-0.015524771,-0.025027984,0.005531241,1076.017019,1017.81742,1261.817586
10/9/19,0.009496413,0.013815356,0.02530787,1086.235321,1031.87893,1293.751502
10/10/19,0.006763484,-0.010740653,-0.019695305,1093.582056,1020.795877,1268.270671
10/11/19,0.010366935,0.00747751,0.000991924,1104.91915,1028.428888,1269.528699
10/14/19,-0.001113811,-0.005709666,-0.003169756,1103.688479,1022.556903,1265.504603
10/15/19,0.009900321,0.02530787,0.005042559,1114.615349,1048.43564,1271.885985
10/16/19,-0.001605996,-0.00702568,7.22E-05,1112.825282,1041.069667,1271.977835
10/17/19,0.002949062,0.001625443,-0.001763426,1116.107072,1042.761866,1269.734796
10/18/19,-0.004377172,-0.030837293,0.012247931,1111.221679,1010.605913,1285.28642
10/21/19,0.006779206,0.021819403,-0.000319026,1118.75488,1032.656731,1284.876381
10/22/19,-0.003266776,-0.020911953,-0.001209563,1115.100159,1011.061862,1283.322241
10/23/19,0.002909602,0.00026199,-0.007259294,1118.344656,1011.32675,1274.006228
10/24/19,0.001633987,0.02703048,-0.000548088,1120.172017,1038.663398,1273.30796
10/25/19,0.00409495,-0.025570334,0.004913132,1124.759065,1012.104428,1279.563891
10/28/19,0.005636605,0.014348823,-0.023025356,1131.098887,1026.626935,1250.101476
10/29/19,-0.000296736,-0.006802055,0.002029008,1130.763249,1019.643762,1252.637943
10/30/19,0.003067181,0.020017028,0.008820086,1134.231505,1040.054001,1263.686316
10/31/19,-0.002663247,-0.013241134,-0.002776238,1131.210766,1026.282506,1260.178023
11/1/19,0.009263838,0.012247931,-0.014591134,1141.69012,1038.852344,1241.790597
11/4/19,0.00401777,0.006951922,-0.001015789,1146.277168,1046.074364,1240.529199
11/5/19,-0.001106159,-0.00577622,0.008485093,1145.009203,1040.032009,1251.055205
11/6/19,0.000227991,-0.003574542,0.003205498,1145.270255,1036.31437,1255.065461
11/7/19,0.00351677,-0.008429156,0.000274938,1149.297906,1027.579115,1255.410526
11/8/19,0.002466091,0.022968571,-0.001790313,1152.13218,1051.181139,1253.162949
11/11/19,-0.001909756,-0.012486428,-0.008850078,1149.931889,1038.055641,1242.072358
11/12/19,0.002107994,0.008166828,0.0068707,1152.355938,1046.533263,1250.606265
11/13/19,0.000323625,-0.003166522,0.019577825,1152.728869,1043.219392,1275.090415
11/14/19,0.00145584,0.000977887,-0.00062784,1154.407057,1044.239543,1274.289862
11/15/19,0.007236311,-0.002802669,-0.002300512,1162.760706,1041.312884,1271.358343
11/18/19,0.000737676,0.021293641,0.00924433,1163.618446,1063.486228,1283.111199
11/19/19,-0.000288443,0.007598039,-0.001318289,1163.282809,1071.566638,1281.419688
11/20/19,-0.003718783,0.00476861,-0.005647005,1158.956812,1076.676521,1274.183504
11/21/19,-0.001608907,-0.012595772,0.003588837,1157.092159,1063.114949,1278.756341
11/22/19,0.00222387,0.007058053,-0.002579317,1159.665381,1070.618471,1275.458022
11/25/19,0.007750193,0.018530946,-0.014115594,1168.653011,1090.458044,1257.454175
11/26/19,0.002265692,0.020982263,-0.000444225,1171.300819,1113.338322,1256.895582
11/27/19,0.004457463,0.012851494,0,1176.521849,1127.646383,1256.895582
11/28/19,0,2.1637E-07,-0.00421903,1176.521849,1127.646627,1251.592702
11/29/19,-0.003708634,-0.01017561,-0.002967015,1172.15856,1116.172135,1247.879207
12/2/19,-0.008494798,-0.039683906,0.007500126,1162.201309,1071.878065,1257.238459
12/3/19,-0.006706456,0.0073251,-2.24E-06,1154.407057,1079.729679,1257.235647
12/4/19,0.006170247,-0.012788195,-0.002268764,1161.530034,1065.921885,1254.383276
12/5/19,0.001797984,-0.020473986,-0.002579317,1163.618446,1044.098215,1251.147823
12/6/19,0.00913403,0.009187619,0.006637601,1174.246972,1053.690991,1259.452443
12/9/19,-0.003144155,-0.004562707,0.000151789,1170.554958,1048.883308,1259.643614
12/10/19,-0.001115076,-0.007079297,-0.001309381,1169.2497,1041.457951,1257.99426
12/11/19,0.002838644,-0.005647005,0.00226887,1172.568784,1035.576833,1260.848485
12/12/19,0.008619045,0.011820802,-0.01278746,1182.675206,1047.818182,1244.725435
12/13/19,0.000599123,-0.008096329,-0.002482749,1183.383775,1039.334701,1241.635094
12/16/19,0.006870037,0.00891081,-0.000807542,1191.513664,1048.596015,1240.632422
12/17/19,0.000219092,0.005023001,0.004137062,1191.774716,1053.863115,1245.764996
12/18/19,6.25841E-05,-0.002377619,0.007058053,1191.849302,1051.35743,1254.557671
12/19/19,0.004099002,0.018877021,0.002013721,1196.734695,1071.203926,1257.084001
12/20/19,0.004362705,-0.004032267,-0.020473986,1201.955695,1066.884546,1231.34648
12/23/19,0.001527765,0.007227818,0.00821182,1203.792,1074.595793,1241.458075
12/24/19,3.11313E-05,0.00432357,0.020364013,1203.829476,1079.241884,1266.739143
12/25/19,0,9.366E-07,0.007054987,1203.829476,1079.242895,1275.675971
12/26/19,0.005323289,0.069423539,0.000246997,1210.237808,1154.167755,1275.991059
12/27/19,-0.000247724,0.005022141,0.018627245,1209.938003,1159.964148,1299.759257
12/30/19,-0.005513226,-0.029193575,-0.015805026,1203.267342,1126.100647,1279.216527
12/31/19,0.002429301,0.00368621,-0.000592105,1206.19044,1130.251691,1278.459097
1/2/20,0.009351892,0.047186632,-0.003602899,1217.470603,1183.584461,1273.852938
1/3/20,-0.00757226,-0.027930882,-0.010740653,1208.2516,1150.525904,1260.170926
1/6/20,0.003815018,0.008290583,-0.000329144,1212.861101,1160.064434,1259.756148
1/7/20,-0.002811766,0.005333464,-0.01081442,1209.45082,1166.251595,1246.132616
1/8/20,0.005329532,0.01094929,-0.003000443,1215.896627,1179.021222,1242.393665
1/9/20,0.006780706,0.015003155,0.02530787,1224.141264,1196.71026,1273.836003
1/10/20,-0.002877698,-0.00284084,-0.002595697,1220.618556,1193.310598,1270.529511
1/13/20,0.006877283,0.0124182,0.001928691,1229.013096,1208.129367,1272.97997
1/14/20,-0.001524623,-0.003121074,-0.005652593,1227.139314,1204.358706,1265.784332
1/15/20,0.002259887,-0.000796201,-0.002143909,1229.912511,1203.399794,1263.070606
1/16/20,0.008318352,0.015649088,0.008770547,1240.143356,1222.231903,1274.148427
1/17/20,0.003112535,0.001386746,0.014413197,1244.003345,1223.926828,1292.512979
1/20/20,0,0,-0.002735461,1244.003345,1223.926828,1288.97736
1/21/20,-0.001958126,0.003405367,0.017158993,1241.56743,1228.094749,1311.094913
1/22/20,0.000120736,0.002931682,0.006954075,1241.717332,1231.695132,1320.212366
1/23/20,0.001146858,0.000315331,0.001922116,1243.141406,1232.083524,1322.749967
1/24/20,-0.008893042,-0.008939348,0.005703869,1232.086097,1221.069501,1330.29476
1/27/20,-0.016029443,-0.015875112,-0.001150485,1212.336443,1201.684886,1328.764276
1/28/20,0.010479134,0.009337837,-0.002599265,1225.040679,1212.906024,1325.310466
1/29/20,-0.000825966,-0.003263557,0.003663615,1224.028838,1208.947637,1330.165893
1/30/20,0.003245362,0.001667582,-0.002564444,1228.001254,1210.963656,1326.754756
1/31/20,-0.018157959,-0.010905856,-0.000667042,1205.703257,1197.75706,1325.869755
2/3/20,0.007428589,0.003832792,0.00476861,1214.659931,1202.347814,1332.192311
2/4/20,0.015241269,0.003941045,-0.001737732,1233.17289,1207.086321,1329.877319
2/5/20,0.011548046,-0.002320846,0.005903382,1247.413627,1204.28486,1337.728093
2/6/20,0.003364778,-0.002555852,0.020364013,1251.610897,1201.206886,1364.969605
2/7/20,-0.00532966,-0.000845814,-0.011536524,1244.940236,1200.190888,1349.2226
2/10/20,0.007465382,0.00153925,0.002243377,1254.234191,1202.038282,1352.249416
2/11/20,0.001732999,0.000186977,-0.013310688,1256.407777,1202.263035,1334.250045
2/12/20,0.006442761,-0.001557551,-0.009499112,1264.502512,1200.39045,1321.575854
2/13/20,-0.00106692,0.000546098,0.002691624,1263.153389,1201.04598,1325.133039
2/14/20,0.001602089,0.000836561,0,1265.177073,1202.050728,1325.133039
2/17/20,0,0,0.069423539,1265.177073,1202.050728,1417.128464
2/18/20,-0.002577014,0.000773589,-0.001763426,1261.916694,1202.980622,1414.629462
2/19/20,0.004781279,0.003617315,0.003558031,1267.950269,1207.332181,1419.662757
2/20/20,-0.004108293,-0.001026912,-0.001763426,1262.741157,1206.092358,1417.159287
2/21/20,-0.010298264,-0.014115594,0.01024898,1249.737116,1189.067648,1431.683724
2/24/20,-0.033165407,-0.018135795,0.010275942,1208.289075,1167.502961,1446.395623
2/25/20,-0.03030209,-0.009174384,0.001222761,1171.675391,1156.791841,1448.164219
2/26/20,-0.003678234,0.002206186,-0.001109571,1167.365694,1159.343939,1446.557378
2/27/20,-0.044911718,-0.013572886,-0.000853528,1114.937295,1143.608295,1445.3227
2/28/20,-0.004201539,0.00464775,-0.006482807,1110.252842,1148.923501,1435.952952
3/2/20,0.043306555,0.0068707,0,1158.334068,1156.81741,1435.952952
3/3/20,-0.028632437,-0.006608594,-0.003961489,1125.168141,1149.172473,1430.26444
3/4/20,0.04203304,0.008620226,-0.000329144,1172.462379,1159.078599,1429.793677
3/5/20,-0.033241706,0.002663657,0.001625443,1133.487729,1162.165987,1432.117725
3/6/20,-0.016531112,-0.002740396,-0.004433216,1114.749917,1158.981191,1425.768838
3/9/20,-0.078094534,-0.002936273,-0.00702568,1027.694042,1155.578106,1415.751842
3/10/20,0.051744886,0.002514772,0.003689311,1080.871953,1158.484121,1420.974991
3/11/20,-0.048748353,-0.006974612,-0.010098446,1028.181225,1150.404144,1406.625353
3/12/20,-0.095677212,-0.011565004,-0.010815595,929.8077119,1137.099715,1391.411862
3/13/20,0.085486276,0.010635862,0.000151789,1009.293511,1149.193751,1391.623063
3/16/20,-0.109423734,-0.015805026,0.003288018,898.8528463,1131.030714,1396.198744
3/17/20,0.053992078,0.010730895,0.016435013,947.3837797,1143.167685,1419.145289
3/18/20,-0.050632911,-0.001150485,0.009187619,899.4149807,1141.852488,1432.183854
3/19/20,0.002125,0.004075403,0.014927561,901.3262375,1146.505996,1453.562866
3/20/20,-0.042844127,-0.009152979,0.002522552,862.7097017,1136.012051,1457.229553
3/23/20,-0.025568182,-0.005990061,-0.002825165,840.6517832,1129.207269,1453.112639
3/24/20,0.090603274,0.003460843,-0.020435562,916.8175873,1133.115279,1423.417465
3/25/20,0.014970183,0.000609334,0.000778189,930.5425143,1133.805725,1424.525153
3/26/20,0.058389724,0.006227532,0.002703832,984.876635,1140.866535,1428.37683
3/27/20,-0.029785605,-0.001126266,0.014239559,955.5414887,1139.581617,1448.716285
3/30/20,0.032475732,0.013886765,-0.004032267,986.5733979,1155.406719,1442.874674
3/31/20,-0.014905408,-0.000319026,0.003588837,971.8681189,1155.038114,1448.052916
4/1/20,-0.04500485,-0.011373231,-0.000362614,928.1293404,1141.901599,1447.527832
4/2/20,0.023075361,-0.002864771,0.022045968,949.5462595,1138.630313,1479.439984
4/3/20,-0.014454195,0.002697366,0.011053115,935.8213324,1141.701615,1495.792404
4/6/20,0.067166284,0.017766913,-0.013111868,998.6769737,1161.986129,1476.179772
4/7/20,0.001019406,-0.000378231,-0.019695305,999.6950315,1161.546629,1447.10596
4/8/20,0.033568438,0.00924433,-0.000796201,1033.253232,1172.28435,1445.953773
4/9/20,0.015217312,0.007060768,0.002273422,1048.976569,1180.561578,1449.241036
4/10/20,0,-5.11675E-06,0.007921817,1048.976569,1180.555537,1460.721658
4/13/20,-0.009130122,0.014927561,-0.011510748,1039.399285,1198.178352,1443.907659
4/14/20,0.029492854,0.018220916,-0.000853528,1070.054136,1220.010259,1442.675243
4/15/20,-0.021248106,-0.001893229,-0.002594477,1047.317512,1217.7005,1438.932256
4/16/20,0.004824309,0.007409064,0.003460122,1052.370095,1226.722521,1443.911137
4/17/20,0.027015407,0.011084431,0.002317101,1080.800301,1240.320042,1447.256826
4/20/20,-0.017617918,-0.006035451,-0.002599265,1061.75885,1232.834151,1443.495022
4/21/20,-0.030363294,-0.019632555,0.004302317,1029.520354,1208.630468,1449.705396
4/22/20,0.02219455,0.002691624,0.007058053,1052.370095,1211.883646,1459.937494
4/23/20,-7.16589E-05,-0.006227761,0.007139044,1052.294683,1204.336324,1470.360053
4/24/20,0.013938656,0.000934043,-0.002518058,1066.962257,1205.461226,1466.657601
4/27/20,0.01441849,0.008457807,-0.014325884,1082.346241,1215.656785,1445.646435
4/28/20,-0.004598502,0.000295911,-0.009499112,1077.369069,1216.016511,1431.914077
4/29/20,0.02617856,0.007921817,0.012851494,1105.57304,1225.649571,1450.316312
4/30/20,-0.009310733,-0.002912045,-0.006801714,1095.279345,1222.080425,1440.451675
5/1/20,-0.026473423,-0.014591134,0.00924433,1066.283551,1204.248886,1453.767686
5/4/20,0.00275823,0.001560713,0.000508687,1069.224607,1206.128372,1454.507198
5/5/20,0.009239341,0.002152946,-0.012101193,1079.103538,1208.725102,1436.905925
5/6/20,-0.006778713,-0.000444225,-0.001467355,1071.788605,1208.188155,1434.797475
5/7/20,0.012066843,0.005668479,0.000151789,1084.721709,1215.036744,1435.01526
5/8/20,0.016546162,0.002243377,-0.00201463,1102.66969,1217.76253,1432.124235
5/11/20,0.00020517,-0.003848266,-0.006966197,1102.895925,1213.076256,1422.147776
5/12/20,-0.019931624,-0.007123773,0.01024898,1080.913419,1204.434576,1436.72334
5/13/20,-0.017685841,-0.002039315,-0.004374147,1061.796556,1201.978355,1430.438901
5/14/20,0.01196733,0.008820086,-0.001420568,1074.503425,1212.579907,1428.406866
5/15/20,0.004596975,-0.001420568,-0.009471625,1079.442891,1210.857354,1414.877532
5/18/20,0.03045969,0.005879074,0.003363485,1112.322386,1217.976074,1419.636452
5/19/20,-0.010271186,-0.003837867,0,1100.897516,1213.301645,1419.636452
5/20/20,0.016988047,0.004483197,-0.00388376,1119.599614,1218.741115,1414.122925
5/21/20,-0.006903984,-0.001790313,-0.000224177,1111.869916,1216.559188,1413.805912
5/22/20,0.001899078,-0.000329144,0.002869823,1113.981444,1216.158764,1417.863285
5/25/20,0,-4.82519E-06,0.00464775,1113.981444,1216.152896,1424.453159
5/26/20,0.012320607,0.00584208,-0.01278746,1127.706371,1223.257758,1406.23802
5/27/20,0.014878962,0.003036686,-0.009174384,1144.485471,1226.972408,1393.336653
5/28/20,-0.001844958,-0.002518058,0.004712701,1142.373944,1223.88282,1399.903032
5/29/20,0.004455887,0.002029008,-0.004138563,1147.464233,1226.366089,1394.109444
6/1/20,0.004041798,0.00821182,-0.018786024,1152.102051,1236.436786,1367.919671
6/2/20,0.008280151,0.000246997,0.005959089,1161.64163,1236.742181,1376.071226
6/3/20,0.013308232,0.004913132,0.000934043,1177.101026,1242.818459,1377.356535
6/4/20,-0.00262669,0.001676442,-0.00388376,1174.009147,1244.901972,1372.007213
6/5/20,0.025629496,0.004302317,0.004324944,1204.09841,1250.257936,1377.941067
6/8/20,0.01208743,0.02769108,0.005804906,1218.652865,1284.878928,1385.939885
6/9/20,-0.007456683,-0.005531229,0.002207054,1209.565757,1277.771968,1388.99873
6/10/20,-0.005579974,-0.001677405,-0.007259294,1202.816411,1275.628627,1378.915579
6/11/20,-0.057648903,-0.026086074,-0.001893229,1133.475365,1242.352485,1376.304976
6/12/20,0.01197565,0.005775265,0.000812782,1147.049468,1249.5274,1377.423612
6/15/20,0.009335656,0.0105759,-0.011510748,1157.757928,1262.742277,1361.568435
6/16/20,0.01924768,0.004803425,0.021543291,1180.042082,1268.807764,1390.9011
6/17/20,-0.004153885,0.002006677,-6.43E-07,1175.140322,1271.353852,1390.900206
6/18/20,0.000385035,0.001137551,0.007028555,1175.592792,1272.800082,1400.676224
6/19/20,-0.005689133,0.001195149,-0.00101213,1168.904688,1274.321267,1399.258558
6/22/20,0.006415241,0.008018903,-0.019632555,1176.403493,1284.539926,1371.787538
6/23/20,0.004603696,0.001542385,-0.00702568,1181.819297,1286.521181,1362.149798
6/24/20,-0.025508733,-0.005412398,0.003460843,1151.672585,1279.558016,1366.863984
6/25/20,0.01072051,0.011333661,-0.010091941,1164.019103,1294.060093,1353.069674
6/26/20,-0.023751423,-0.00062784,0.008453878,1136.371992,1293.247631,1364.50836
6/29/20,0.01469755,0.009279416,-0.003355805,1153.073877,1305.248214,1359.929336
6/30/20,0.012809564,-0.009852756,0.020982263,1167.844251,1292.387922,1388.463732
7/1/20,0.0070048,0.007028555,0.010635862,1176.024766,1301.471541,1403.231241
7/2/20,0.005506892,-9.15424E-05,0.000206537,1182.501007,1301.352401,1403.521061
7/3/20,0,-4.00071E-06,0.000750731,1182.501007,1301.347195,1404.574727
7/6/20,0.015437338,0.005703869,0.015399402,1200.755674,1308.769909,1426.204338
7/7/20,-0.010313831,-0.002978413,-0.002518058,1188.371283,1304.871852,1422.613073
7/8/20,0.007648671,0.005566763,-0.000149996,1197.460745,1312.135764,1422.399687
7/9/20,-0.00569296,0.00239061,-0.004629736,1190.643649,1315.272569,1415.814352
7/10/20,0.010210573,-0.004581754,-0.011952388,1202.800803,1309.246313,1398.89199
7/13/20,-0.008658963,-0.011471445,0.00026199,1192.385795,1294.227366,1399.258486
7/14/20,0.012958963,0.004166865,-0.006463862,1207.837879,1299.620236,1390.213873
7/15/20,0.009187257,0.002776942,-0.000378348,1218.934596,1303.229206,1389.687888
7/16/20,-0.00329346,-0.004433216,0.000304071,1214.920084,1297.45171,1390.110453
7/17/20,0.002899093,0.003501479,-0.000919995,1218.44225,1301.99471,1388.831558
7/20/20,0.008081562,0.008178993,0.002931682,1228.289166,1312.643716,1392.903171
7/21/20,0.002127528,-0.00101213,0.008018903,1230.902387,1311.31515,1404.072726
7/22/20,0.005692133,0.000184693,-0.000592105,1237.908846,1311.557341,1403.241368
7/23/20,-0.011931714,-0.006964837,0.000246997,1223.138472,1302.422558,1403.587964
7/24/20,-0.006440426,-0.004963188,0.008637013,1215.260939,1295.95839,1415.710772
7/27/20,0.007292446,0.005468897,0.011603159,1224.123164,1303.045853,1432.137489
7/28/20,-0.006342429,-0.003264342,-0.005990061,1216.359249,1298.792266,1423.558898
7/29/20,0.012298783,0.007116849,-0.004629736,1231.318987,1308.035574,1416.968196
7/30/20,-0.003567913,0.004712701,0.000699404,1226.925747,1314.199954,1417.959229
7/31/20,0.00790221,0.00196776,-0.003745247,1236.621172,1316.785984,1412.648621
8/3/20,0.006952101,0.013942651,0.00041485,1245.218288,1335.145472,1413.234659
8/4/20,0.003862648,-0.001597637,-0.002564444,1250.028127,1333.012394,1409.610497
8/5/20,0.006210992,0.000991924,-0.001555525,1257.792042,1334.334642,1407.417813
8/6/20,0.006684532,-0.003169756,-0.00223518,1266.199793,1330.105126,1404.27198
8/7/20,0.000717854,-0.007318832,-0.009111933,1267.10874,1320.37031,1391.476348
8/10/20,0.002988911,-0.006463862,0.005468897,1270.896015,1311.835619,1399.086189
8/11/20,-0.008254612,-0.005270894,0.01755468,1260.405262,1304.921072,1423.6467
8/12/20,0.013942308,0.005842914,0.001386746,1277.97822,1312.545614,1425.620936
8/13/20,-0.001807729,0.002410066,0.001981892,1275.667982,1315.708936,1428.446363
8/14/20,2.96886E-05,-0.003000443,-0.009152979,1275.705855,1311.761226,1415.371823
8/17/20,0.003176582,0.003663615,-0.000203038,1279.75824,1316.567013,1415.08445
8/18/20,0.002160339,0.001964921,-0.003602899,1282.522951,1319.153963,1409.986043
8/19/20,-0.004163714,0.000903535,-0.010905856,1277.182892,1320.345865,1394.608939
8/20/20,0.003113602,0.003914036,0.010756903,1281.159531,1325.513746,1409.610611
8/21/20,0.003547357,-0.000460977,0.001730307,1285.704262,1324.902715,1412.049671
8/24/20,0.010133145,0.001052336,0.000330811,1298.732489,1326.296958,1412.516792
8/25/20,0.003499358,0.003352841,0.001613567,1303.27722,1330.743821,1414.795983
8/26/20,0.010025572,0.011465756,0.014424148,1316.34332,1346.001805,1435.203209
8/27/20,0.00218661,0.002465017,-0.01531912,1319.221649,1349.319722,1413.217159
8/28/20,0.006459392,0.00378974,-0.001028805,1327.743019,1354.433293,1411.763234
8/31/20,-0.003622568,-0.000275419,0.003209637,1322.933179,1354.060256,1416.294482
9/1/20,0.009418568,0.005365267,-0.001265119,1335.393316,1361.32515,1414.502701
9/2/20,0.014463982,0.00611906,-0.004336089,1354.70842,1369.655181,1408.369291
9/3/20,-0.034414314,-0.024747763,-0.002564444,1308.08706,1335.759279,1404.757607
9/4/20,-0.008164683,-0.012336664,0.007598039,1297.406943,1319.280465,1415.43101
9/7/20,0,1.02413E-05,-0.003411879,1297.406943,1319.293976,1410.60173
9/8/20,-0.027322883,-0.023025356,-0.004581754,1261.958045,1288.916763,1404.1387
9/9/20,0.019747307,0.009296638,0.005022141,1286.878317,1300.899355,1411.190482
9/10/20,-0.017363666,-0.013111868,0.007594089,1264.533392,1283.842135,1421.907188
9/11/20,0.00050915,-0.001710035,-0.010740653,1265.177229,1281.64672,1406.634977
9/14/20,0.013171287,0.004137062,0.013815356,1281.841241,1286.948972,1426.06814
9/15/20,0.005052296,0.002674815,0.01024898,1288.317482,1290.391323,1440.683883
9/16/20,-0.003968604,0.001862271,0.005365267,1283.20466,1292.794382,1448.413537
9/17/20,-0.008795231,-0.005998169,0.012851494,1271.918579,1285.039982,1467.027814
9/18/20,-0.011466103,-0.000199133,0.008069842,1257.33463,1284.784088,1478.866497
9/21/20,-0.011129593,0.000782018,-0.002147402,1243.341007,1285.788812,1475.690777
9/22/20,0.010184421,0.005789394,0.001862271,1256.003715,1293.232751,1478.438913
9/23/20,-0.023191038,-0.01081442,0.000977887,1226.875684,1279.247188,1479.884659
9/24/20,0.00266551,0.002972422,0.003588837,1230.145933,1283.049651,1485.195724
9/25/20,0.016166924,0.006954075,-0.006482807,1250.033609,1291.972074,1475.567486
9/28/20,0.016609375,0.004050228,-0.011471445,1270.795887,1297.204855,1458.640595
9/29/20,-0.005446004,7.22157E-05,-0.027930882,1263.875128,1297.298534,1417.899477
9/30/20,0.007581912,0.002215479,0,1273.457717,1300.172671,1417.899477
10/1/20,0.006420019,0.006047247,2.69E-06,1281.63334,1308.035136,1417.903294
10/2/20,-0.009494422,-0.0030346,0.000151789,1269.464972,1304.065773,1418.118515
10/5/20,0.017733046,0.001730307,0.001018148,1291.976452,1306.322207,1419.562369
10/6/20,-0.014215917,0.000141945,-0.004110418,1273.609822,1306.507633,1413.727374
10/7/20,0.017406622,0.001613567,0.000778189,1295.779067,1308.61577,1414.827521
10/8/20,0.008862543,0.001222761,-0.000275419,1307.262964,1310.215894,1414.43785
10/9/20,0.00893013,0.000206537,0.005333464,1318.936992,1310.486502,1421.981702
10/12/20,0.016087646,0.00204609,0.016640257,1340.155583,1313.167875,1445.643843
10/13/20,-0.006526119,0.000506432,0.003102998,1331.409569,1313.832905,1450.129674
10/14/20,-0.00628338,-0.000224177,0.000141945,1323.043816,1313.538375,1450.335512
10/15/20,-0.001235881,0.000856124,2.69E-06,1321.408692,1314.662927,1450.339416
10/16/20,-0.000604317,2.63508E-05,-0.004433216,1320.610143,1314.697569,1443.909749
10/19/20,-0.015203432,-0.001764117,-0.006634473,1300.532336,1312.378288,1434.330168
10/20/20,0.004005731,-0.000362614,-0.007318832,1305.741918,1311.902402,1423.832546
10/21/20,-0.001892947,-0.00421903,0.002674815,1303.270219,1306.367447,1427.641035
10/22/20,0.005485367,0.00041485,0.003209637,1310.419135,1306.909393,1432.223245
10/23/20,0.003395142,-0.000203038,-0.010091941,1314.868194,1306.644042,1417.769333
10/26/20,-0.018479958,-0.002290341,0.002367369,1290.569485,1303.651382,1421.125717
10/27/20,-0.003447361,0.001178426,0.009279416,1286.120425,1305.187639,1434.312934
10/28/20,-0.034178937,-0.002260011,-0.004562707,1242.162196,1302.2379,1427.768584
10/29/20,0.010163473,0.000400981,0.016640257,1254.786878,1302.760073,1451.52702
10/30/20,-0.010424874,-0.004336089,-0.013241134,1241.705883,1297.11119,1432.307157
11/2/20,0.011208428,0.001830938,0.004050228,1255.623453,1299.48612,1438.108327
11/3/20,0.017655966,0.002741568,0.004803425,1277.792698,1303.04875,1445.016172
11/4/20,0.022349195,0.004314311,0.00611906,1306.350337,1308.670508,1453.858313
11/5/20,0.019502824,0.006036337,-0.0030346,1331.827857,1316.570084,1449.446435
11/6/20,-0.000228415,0.003532723,-0.008939348,1331.523648,1321.221162,1436.489329
11/9/20,0.012565684,-0.005890541,-0.002579317,1348.255153,1313.438455,1432.784167
11/10/20,-0.001466607,-0.002143909,-0.001729394,1346.277793,1310.622563,1430.306319
11/11/20,0.007428539,0.008069842,0.005566763,1356.278671,1321.19908,1438.268495
11/12/20,-0.009700844,-0.002599265,0.007598039,1343.121623,1317.764934,1449.196516
11/13/20,0.013844455,0.002010704,0.000778189,1361.71641,1320.41457,1450.324264
11/16/20,0.012482547,0.003296436,-0.001643927,1378.714099,1324.767232,1447.940037
11/17/20,-0.005378272,0.003836098,0.005668479,1371.299,1329.849169,1456.147655
11/18/20,-0.012034829,-0.002753245,0.005804906,1354.795651,1326.187767,1464.600454
11/19/20,0.004210172,0.003697692,0.002152946,1360.499573,1331.091601,1467.75366
11/20/20,-0.006847784,0.000778189,0.001542385,1351.183167,1332.127441,1470.017501
11/23/20,0.005994428,0.005959089,-0.008850078,1359.282737,1340.065707,1457.007731
11/24/20,0.016113691,0.003573224,0.004633622,1381.185799,1344.854062,1463.758955
11/25/20,-0.001541765,0.00420138,-0.000183068,1379.056334,1350.504305,1463.490988
11/26/20,0,2.69182E-06,0.002327041,1379.056334,1350.50794,1466.896591
11/27/20,0.002784978,0.002074829,-0.001318289,1382.896975,1353.310014,1464.962797
11/30/20,-0.00442709,-0.000149996,0,1376.774765,1353.107023,1464.962797
12/1/20,0.010937414,-0.000136532,-0.000466564,1391.83312,1352.922281,1464.279297
12/2/20,0.00210371,-0.00375567,0.00041485,1394.761134,1347.841152,1464.886754
12/3/20,-0.000272636,0.005338581,0.000571046,1394.380872,1355.036711,1465.723272
12/4/20,0.008617633,0.007174209,-0.000460977,1406.397136,1364.758028,1465.047608
12/7/20,-0.002054887,0.002353058,0.004463217,1403.507148,1367.969383,1471.586433
12/8/20,0.002926116,0.008663729,-0.002300512,1407.613972,1379.821099,1468.201031
12/9/20,-0.008968852,-0.004110418,0.004803425,1394.989291,1374.149457,1475.253424
12/10/20,-0.000327109,0.005903382,-0.007965801,1394.532977,1382.261587,1463.501849
12/11/20,-0.001172525,-0.001015789,0.005023001,1392.897853,1380.857501,1470.853021
12/14/20,-0.004477204,0.000330811,-0.004138563,1386.661564,1381.314304,1464.765803
12/15/20,0.013519443,0.004633724,0.020982263,1405.408456,1387.714933,1495.499905
12/16/20,0.001569307,0.004379505,-0.016430126,1407.613972,1393.792438,1470.928653
12/17/20,0.005592025,0.005042559,0.0124182,1415.485385,1400.820719,1489.194939
12/18/20,-0.00397593,0.001480387,0.00231047,1409.857515,1402.894476,1492.63568
12/21/20,-0.003575492,-0.000676268,0.008485093,1404.816582,1401.945743,1505.300833
12/22/20,-0.001685424,0.002703832,-0.003121074,1402.44887,1405.736369,1500.602677
12/23/20,0.000898595,-0.002564444,-4.00E-06,1403.709104,1402.131437,1500.596673
12/24/20,0.003890415,-0.001410112,-0.011582355,1409.170115,1400.154274,1483.21623
12/25/20,0,0,0.00231047,1409.170115,1400.154274,1486.643157
12/28/20,0.008590786,-0.005954755,0.001838709,1421.275994,1391.816698,1489.376662
12/29/20,-0.00190773,-0.001952971,0.006227531,1418.564583,1389.09852,1498.651802
12/30/20,0.001426802,0.005359014,-0.00284084,1420.588594,1396.542718,1494.394372
12/31/20,0.005080782,-0.002723511,0.005139399,1427.806295,1392.739219,1502.07466
1/4/21,-0.013613994,-0.00658652,-0.009117479,1408.368148,1383.565914,1488.379527
1/5/21,0.006887388,0.007502232,0.003697692,1418.068127,1393.945746,1493.883096
1/6/21,0.00597851,0.000774324,0.001964921,1426.546061,1395.025112,1496.818458
1/7/21,0.014857449,0.009457947,-0.001737732,1447.740896,1408.219186,1494.217389
1/8/21,0.005697705,0.002558361,0.002243377,1455.989697,1411.82192,1497.569483
1/11/21,-0.006740807,0.000584463,-0.005892195,1446.175152,1412.647078,1488.745512
1/12/21,0.000211255,0.007594089,0.004483197,1446.480663,1423.374846,1495.419851
1/13/21,0.002692927,-0.001209563,0.004039255,1450.37593,1421.653184,1501.460233
1/14/21,-0.003501935,0.005531241,0.00570598,1445.296807,1429.51669,1510.027534
1/15/21,-0.007292713,-0.007965801,-0.024465238,1434.756673,1418.129445,1473.084351
1/18/21,0,0,0.008485093,1434.756673,1418.129445,1485.583609
1/19/21,0.00785201,0.008589858,-0.005412398,1446.022396,1430.310975,1477.543039
1/20/21,0.013838637,0.000151789,-0.002723511,1466.033375,1430.52808,1473.518934
1/21/21,0.00091172,0.000724241,-0.025570334,1467.369987,1431.564127,1435.840562
1/22/21,-0.003539455,0.004506459,0.004483197,1462.176297,1438.015412,1442.277719
1/25/21,0.003943794,-0.002147402,0.00213212,1467.94282,1434.927415,1445.352828
1/26/21,-0.001560915,0.000571046,0.002243377,1465.651486,1435.746824,1448.5953
1/27/21,-0.024440449,-0.008752922,0.006954075,1429.830306,1423.179844,1458.66894
1/28/21,0.008600198,0.005974444,-0.009539738,1442.127129,1431.682552,1444.75362
1/29/21,-0.020019596,-0.009499112,-0.015442764,1413.256327,1418.082839,1422.442632
2/1/21,0.0166455,0.004039255,-0.037209646,1436.780684,1423.810836,1369.514045
2/2/21,0.014140287,0.007718887,0.000968089,1457.097175,1434.801072,1370.839857
2/3/21,0.000786267,0.003169502,-0.004138563,1458.242841,1439.348676,1365.166549
2/4/21,0.01136572,0.009638973,0.01094929,1474.816821,1453.22252,1380.114153
2/5/21,0.003935886,-0.001487313,0.019577825,1480.621532,1451.061123,1407.133786
2/8/21,0.007221893,-0.000667042,-0.000919995,1491.314422,1450.093205,1405.83923
2/9/21,-0.000665796,0.003288018,0.000400981,1490.321511,1454.861137,1406.402945
2/10/21,-0.000435618,0.001922116,0.000274938,1489.6723,1457.657549,1406.789619
2/11/21,0.001615053,-0.000874351,-0.01278746,1492.0782,1456.383045,1388.800353
2/12/21,0.004939725,0.002207054,0.000228388,1499.448656,1459.597361,1389.117539
2/15/21,0,0,0.000156215,1499.448656,1459.597361,1389.33454
2/16/21,-0.000865933,-0.000378348,0.003191599,1498.150234,1459.045126,1393.768738
2/17/21,0.000229416,-0.008850078,-0.005709666,1498.493934,1446.132462,1385.810784
2/18/21,-0.00425597,-0.004892662,-0.002260011,1492.116389,1439.057024,1382.678836
2/19/21,-0.001765971,0.008770547,0.008018903,1489.481355,1451.678342,1393.766403
2/22/21,-0.007691716,-0.015442764,-0.018786024,1478.024687,1429.260417,1367.583075
2/23/21,0.001214376,-0.004921197,0.001964921,1479.819565,1422.226745,1370.270267
2/24/21,0.011019355,0.009469463,0.021819403,1496.126222,1435.694468,1400.168747
2/25/21,-0.02409577,-0.024526378,0.003169502,1460.075908,1400.482083,1404.606584
2/26/21,-0.005152617,0.004584852,-0.011536524,1452.552697,1406.903086,1388.402306
3/1/21,0.024240194,0.019577825,0.000750731,1487.762855,1434.447187,1389.444623
3/2/21,-0.007803275,-0.013310688,0.014348823,1476.153432,1415.353708,1409.381518
3/3/21,-0.013245718,-0.01531912,0.007376654,1456.600719,1393.671735,1419.778037
3/4/21,-0.01237481,-0.02106471,-0.009111933,1438.575562,1364.314444,1406.841115
3/5/21,0.018396602,-0.002431432,-0.000199133,1465.040464,1360.997206,1406.560967
3/8/21,-0.004978756,-0.007634139,0.003843174,1457.746386,1350.607164,1411.966626
3/9/21,0.014277481,0.021162967,-0.01081442,1478.559332,1379.190019,1396.697025
3/10/21,0.006224656,-0.001757864,0.007139044,1487.762855,1376.76559,1406.668107
3/11/21,0.010139124,0.01755468,-0.000433049,1502.847467,1400.93427,1406.058951
3/12/21,0.001346784,-0.000854347,0.00213212,1504.871479,1399.737386,1409.056837
3/15/21,0.005963559,0.001982228,0.015399402,1513.845868,1402.511985,1430.75547
3/16/21,-0.00126132,-0.011510748,0.002189007,1511.936424,1386.368022,1433.887404
3/17/21,0.003409866,0.002522552,0.0068707,1517.091924,1389.865207,1443.739214
3/18/21,-0.014549665,-0.022261135,-0.002825165,1495.018744,1358.92523,1439.660412
3/19/21,-0.001844825,0.006390793,0.003205498,1492.260697,1367.609841,1444.275241
3/22/21,0.007985006,-0.001608198,-0.013241134,1504.176407,1365.410453,1425.151399
3/23/21,-0.007870807,-0.015884422,0.000202812,1492.337325,1343.721698,1425.440438
3/24/21,-0.00508344,-0.018042072,-0.00577622,1484.751118,1319.478175,1417.206781
3/25/21,0.005625516,0.011633116,2.64E-05,1493.103609,1334.827817,1417.244125
3/26/21,0.01611496,0.011162387,-0.035620288,1517.164914,1349.727682,1366.761481
3/29/21,-0.000505076,-0.011919127,-0.009111933,1516.39863,1333.640106,1354.307642
3/30/21,-0.002652989,0.008270519,0.008663729,1512.375642,1344.670002,1366.040997
3/31/21,0.004053404,0.008485093,7.22E-05,1518.50591,1356.079653,1366.139646
4/1/21,0.010799082,0.009960026,0.00250917,1534.90438,1369.586241,1369.567523
4/2/21,0,-8.26954E-05,0,1534.90438,1369.472983,1369.567523
4/5/21,0.014353112,0.003537955,-0.00421903,1556.935033,1374.318116,1363.789277
4/6/21,-0.000590609,0.004633622,-0.015738667,1556.015493,1380.686187,1342.325052
4/7/21,0.001157293,-0.007921902,0.009337837,1557.816259,1369.748526,1354.859465
4/8/21,0.004746797,0.004012477,-0.011373231,1565.210896,1375.244611,1339.450336
4/9/21,0.007270146,0.000812782,0.003532723,1576.590208,1376.362385,1344.182243
4/12/21,0.000364529,-0.000592105,0.004732446,1577.164921,1375.547434,1350.543513
4/13/21,0.002963755,0.001838709,-0.002978413,1581.839251,1378.076666,1346.521037
4/14/21,-0.003415201,-0.003082487,0.008485093,1576.436951,1373.828763,1357.946393
4/15/21,0.010742496,0.003843174,0.022045968,1593.371819,1379.108626,1387.883636
4/16/21,0.003342391,-0.002173806,-0.009539738,1598.69749,1376.110712,1374.643589
4/19/21,-0.004913004,-0.008175788,-0.002320846,1590.843083,1364.859922,1371.453253
4/20/21,-0.007321596,-0.010098446,-0.002173806,1579.195572,1351.076958,1368.47198
4/21/21,0.009462115,0.01320102,-0.001026912,1594.138102,1368.912551,1367.06668
4/22/21,-0.009133079,-0.00388376,-0.006210097,1579.578714,1363.596024,1358.577063
4/23/21,0.010842409,0.011603159,-0.002723511,1596.705153,1379.418045,1354.876964
4/26/21,0.002087633,0.010395937,0.001195149,1600.038486,1393.758389,1356.496243
4/27/21,-0.000215512,0.000101126,-0.013310688,1599.693659,1393.899333,1338.440344
4/28/21,-0.000287411,-0.001763426,-0.007318832,1599.233888,1391.441295,1328.644524
4/29/21,0.006372784,-0.004783606,0.003352841,1609.42546,1384.785188,1333.099259
4/30/21,-0.00657049,-0.006482807,-0.010098446,1598.850747,1375.807892,1319.637028
5/3/21,0.002156722,-0.002300512,0.007502232,1602.299023,1372.642829,1329.537251
5/4/21,-0.006169297,-0.008585338,0.003832792,1592.413964,1360.858227,1334.633091
5/5/21,0.000312786,0.002725226,0.006667754,1592.912049,1364.566873,1343.532096
5/6/21,0.007985568,-0.002482749,0.003573224,1605.632357,1361.178995,1348.332838
5/7/21,0.00727802,0.008453878,0.007376654,1617.318182,1372.686236,1358.279022
5/10/21,-0.009902397,-0.010807465,0.00372971,1601.302854,1357.850977,1363.34501
5/11/21,-0.008924726,-0.00201463,-0.002290341,1587.011665,1355.11541,1360.222485
5/12/21,-0.021245262,-0.019695305,0.017766913,1553.295186,1328.425998,1384.38944
5/13/21,0.012012531,-0.001467355,-0.004138597,1571.954192,1326.476726,1378.660011
5/14/21,0.015355367,0.018837384,0.021819403,1596.092126,1351.464078,1408.741549
5/17/21,-0.002544529,-0.006371133,0.001830938,1592.030823,1342.85372,1411.320868
5/18/21,-0.00861571,-0.003475987,-0.003574542,1578.314346,1338.185978,1406.276041
5/19/21,-0.002621741,-0.006787748,0.003617315,1574.176414,1329.102709,1411.362984
5/20/21,0.010757922,0.017158993,-0.000329144,1591.111282,1351.908773,1410.898442
5/21/21,-0.000818725,0.000467972,-2.24E-06,1589.8086,1352.541428,1410.895287
5/24/21,0.010194245,0.005804906,0.000101126,1606.015498,1360.392803,1411.037965
5/25/21,-0.00221867,-0.000548088,0.001386746,1602.45228,1359.647189,1412.994717
5/26/21,0.001984507,0.00231047,0.002215479,1605.632357,1362.788613,1416.125176
5/27/21,0.000524972,0.010192263,0.013815356,1606.475269,1376.678513,1435.689449
5/28/21,0.001788738,0.003859105,-0.003574542,1609.348832,1381.991259,1430.557517
5/31/21,0,0,0.008637013,1609.348832,1381.991259,1442.91326
6/1/21,-0.000880868,0.014239559,-0.007259294,1607.931207,1401.670205,1432.438729
6/2/21,0.001572664,0.002327041,0.005139399,1610.459943,1404.931948,1439.800603
6/3/21,-0.00371137,0.000699404,-0.004433216,1604.482931,1405.914563,1433.417656
6/4/21,0.009145832,0.006624496,1.16E-06,1619.157262,1415.228038,1433.419316
6/7/21,-0.000970185,0.001552304,0.005703869,1617.586381,1417.424902,1441.595352
6/8/21,0.000213174,0.002043941,0.003832792,1617.931208,1420.322035,1447.120688
6/9/21,-0.001491901,-0.002735461,0.005042559,1615.517415,1416.4368,1454.417879
6/10/21,0.004648405,0.000181373,0.003859105,1623.026994,1416.693704,1460.03063
6/11/21,0.001652463,-0.004374147,0.011388733,1625.708987,1410.496877,1476.658528
6/14/21,0.002238929,0.000440064,-0.011952388,1629.348834,1411.117586,1459.008933
6/15/21,-0.001834172,-0.002268764,0.002043941,1626.360328,1407.916092,1461.991062
6/16/21,-0.005583302,-0.002595697,-0.001007577,1617.279867,1404.261569,1460.517993
6/17/21,-0.000331667,-0.002201105,0.000295911,1616.743469,1401.170642,1460.950177
6/18/21,-0.01344675,-0.002765205,-0.001015789,1595.003524,1397.296117,1459.466159
6/21/21,0.014316013,0.00372971,0.004732446,1617.837615,1402.507627,1466.373004
6/22/21,0.005346196,0.002018584,0.005022141,1626.486892,1405.338707,1473.737336
6/23/21,-0.00120536,0.000228388,0.008663729,1624.526389,1405.65967,1486.505397
6/24/21,0.00591576,0.002367369,0.008620226,1634.136696,1408.987385,1499.319409
6/25/21,0.003552105,0.001403314,-0.004892662,1639.941322,1410.964637,1491.983746
6/28/21,0.002015893,0.001018148,-0.004286068,1643.247268,1412.401207,1485.589003
6/29/21,0.000538049,0.000274938,0.000991924,1644.131416,1412.78953,1487.062595
6/30/21,0.000841711,-0.000212066,0.005023001,1645.5153,1412.489925,1494.532113
7/1/21,0.005536607,-6.51367E-05,0.001981892,1654.625872,1412.397921,1497.494114
7/2/21,0.007643519,0.000827763,-2.24E-06,1667.273037,1413.567051,1497.490766
7/5/21,0,0,-0.003411879,1667.273037,1413.567051,1492.381508
7/6/21,-0.001821452,-0.000439791,-0.009499112,1664.23618,1412.945377,1478.205208
7/7/21,0.003534059,-0.001265119,-0.015875112,1670.117688,1411.157833,1454.738535
7/8/21,-0.008148046,-0.00223518,0.020364013,1656.509492,1408.003641,1484.362849
7/9/21,0.010674835,0.003908135,0.00041485,1674.192458,1413.506309,1484.978637
7/12/21,0.003581925,-0.001555525,-0.000212066,1680.18929,1411.307564,1484.663724
7/13/21,-0.003408987,-0.001643927,0.003836098,1674.461547,1408.987478,1490.35904
7/14/21,0.001492229,-0.005849648,0.012776783,1676.960227,1400.745397,1509.401034
7/15/21,-0.003415551,-0.001071559,-0.006035451,1671.232483,1399.244415,1500.291119
7/16/21,-0.007843588,-0.002662638,-0.009910519,1658.124024,1395.518734,1485.422455
7/19/21,-0.014767932,0.001327599,0.018603361,1633.63696,1397.371423,1513.056305
7/20/21,0.014330423,0.014413197,-0.002936273,1657.04767,1417.512012,1508.613559
7/21/21,0.008096321,0.005270781,-0.011952388,1670.463659,1424.983408,1490.582025
7/22/21,0.00209412,-0.001109571,-0.000667042,1673.961811,1423.402289,1489.587744
7/23/21,0.010287971,0.001963608,-0.009852756,1691.183482,1426.197293,1474.9112
7/26/21,0.00245488,0.001064563,-0.009539738,1695.335135,1427.71557,1460.840933
7/27/21,-0.004557616,-0.002205329,0.004050228,1687.608448,1424.566988,1466.757672
7/28/21,-0.000410013,0.002869823,0.00239061,1686.916505,1428.655243,1470.264117
7/29/21,0.004147392,0.001042434,-0.001007577,1693.912809,1430.144522,1468.782713
7/30/21,-0.004856462,-0.001108453,-0.005954755,1685.686386,1428.559274,1460.036472
,,,,,,
,,,,,,
,,,,,,
,,,,,,
,,,,,,
,,,,,,
,,,,,,
,,,,,,
,,,,,,
,,,,,,
,,,,,,
,,,,,,
,,,,,,
,,,,,,
,,,,,,
,,,,,,
,,,,,,
,,,,,,
,,,,,,
,,,,,,
,,,,,,
,,,,,,
,,,,,,
,,,,,,
,,,,,,
,,,,,,
,,,,,,
,,,,,,
,,,,,,
,,,,,,
,,,,,,
,,,,,,
,,,,,,
,,,,,,
,,,,,,
,,,,,,
,,,,,,
,,,,,,
,,,,,,
,,,,,,
,,,,,,
,,,,,,
,,,,,,
,,,,,,
,,,,,,
,,,,,,
,,,,,,
,,,,,,
,,,,,,
,,,,,,
,,,,,,
,,,,,,
,,,,,,
,,,,,,
,,,,,,
,,,,,,
,,,,,,
,,,,,,
,,,,,,
,,,,,,
,,,,,,
,,,,,,
,,,,,,
,,,,,,
,,,,,,
,,,,,,
,,,,,,
,,,,,,
,,,,,,
,,,,,,
,,,,,,
,,,,,,
,,,,,,
,,,,,,
,,,,,,
,,,,,,
,,,,,,
,,,,,,
,,,,,,
,,,,,,
,,,,,,
,,,,,,
,,,,,,
,,,,,,
,,,,,,
,,,,,,
,,,,,,
,,,,,,
,,,,,,
,,,,,,
,,,,,,
,,,,,,
,,,,,,
,,,,,,
,,,,,,
,,,,,,
,,,,,,
,,,,,,
,,,,,,
,,,,,,
,,,,,,
,,,,,,
,,,,,,
,,,,,,
,,,,,,
,,,,,,
,,,,,,
,,,,,,
,,,,,,
,,,,,,
,,,,,,
,,,,,,
,,,,,,
,,,,,,
,,,,,,
,,,,,,
,,,,,,
,,,,,,
,,,,,,
,,,,,,
,,,,,,
,,,,,,
,,,,,,
,,,,,,
,,,,,,
,,,,,,
,,,,,,
,,,,,,
,,,,,,
,,,,,,
,,,,,,
,,,,,,
,,,,,,
,,,,,,
,,,,,,
,,,,,,
,,,,,,
,,,,,,
,,,,,,
,,,,,,
,,,,,,
,,,,,,
,,,,,,
,,,,,,
,,,,,,
,,,,,,
,,,,,,
,,,,,,
,,,,,,
,,,,,,
,,,,,,
,,,,,,
,,,,,,
,,,,,,
,,,,,,
,,,,,,
,,,,,,
,,,,,,
,,,,,,
,,,,,,
,,,,,,
,,,,,,
,,,,,,
,,,,,,
,,,,,,
,,,,,,
,,,,,,
,,,,,,
,,,,,,
,,,,,,
,,,,,,
,,,,,,
,,,,,,
,,,,,,
,,,,,,
,,,,,,
,,,,,,
,,,,,,
,,,,,,
,,,,,,
,,,,,,
,,,,,,
,,,,,,
,,,,,,
,,,,,,
,,,,,,
,,,,,,
,,,,,,
,,,,,,
,,,,,,
,,,,,,
,,,,,,
,,,,,,
,,,,,,
,,,,,,
,,,,,,
,,,,,,
,,,,,,
,,,,,,
,,,,,,
,,,,,,
,,,,,,
,,,,,,
,,,,,,
,,,,,,
,,,,,,
,,,,,,
,,,,,,
,,,,,,
,,,,,,
,,,,,,
,,,,,,
,,,,,,
,,,,,,
,,,,,,
,,,,,,
,,,,,,
,,,,,,
,,,,,,
,,,,,,
,,,,,,